{
  "minecraft:recipes/decorations/crafting_table": {
    "criteria": {
      "unlock_right_away": "2024-09-05 09:07:40 +0000"
    },
    "done": true
  },
  "minecraft:adventure/adventuring_time": {
    "criteria": {
      "minecraft:beach": "2024-09-05 09:28:45 +0000",
      "minecraft:snowy_plains": "2024-09-05 09:19:30 +0000",
      "minecraft:snowy_beach": "2024-09-05 09:07:41 +0000",
      "minecraft:plains": "2024-09-05 09:19:55 +0000"
    },
    "done": false
  },
  "DataVersion": 3465
}